{"cameraMode":{"drawMode":0,"name":"Shaded","section":"Shading Mode"},"sceneLighting":false,"audioPlay":false,"sceneViewState":{"m_AlwaysRefresh":false,"showFog":true,"showSkybox":false,"showFlares":true,"showImageEffects":true,"showParticleSystems":true,"showVisualEffectGraphs":true,"m_FxEnabled":true},"in2DMode":false,"pivot":{"x":7.111979007720947,"y":11.399765968322754,"z":0.007006645202636719},"rotation":{"x":0.025469360873103143,"y":0.04587394744157791,"z":0.0011771315475925804,"w":-0.9986129999160767},"size":1.2247449159622193,"orthographic":false}