{"cameraMode":{"drawMode":0,"name":"Shaded","section":"Shading Mode"},"sceneLighting":false,"audioPlay":false,"sceneViewState":{"m_AlwaysRefresh":false,"showFog":true,"showSkybox":false,"showFlares":true,"showImageEffects":true,"showParticleSystems":true,"showVisualEffectGraphs":true,"m_FxEnabled":true},"in2DMode":false,"pivot":{"x":1.2824206352233887,"y":0.5559797286987305,"z":-1.6744729280471802},"rotation":{"x":-0.06744842231273651,"y":-0.0005925804143771529,"z":0.00004733163950731978,"w":-0.9977114796638489},"size":2.2758090496063234,"orthographic":false}